"Date","Price","Open","High","Low","Vol.","Change %"
"04/04/2025","369.34","398.71","398.71","357.44","117.90M","-8.22%"
"03/04/2025","402.43","443.29","443.29","402.12","94.06M","-10.61%"
"02/04/2025","450.22","440.44","450.65","437.02","59.96M","1.58%"
"01/04/2025","443.23","442.00","444.58","436.43","60.54M","0.07%"
"31/03/2025","442.90","438.72","445.24","427.42","66.79M","-0.74%"
"28/03/2025","446.18","463.65","465.02","445.51","75.25M","-3.66%"
"27/03/2025","463.15","468.55","468.81","458.42","56.80M","-1.69%"
"26/03/2025","471.10","479.30","482.30","469.70","50.42M","-1.46%"
"25/03/2025","478.09","471.71","479.93","471.66","56.50M","1.93%"
"24/03/2025","469.03","458.32","474.93","458.32","62.89M","3.07%"
"21/03/2025","455.04","463.86","463.86","448.13","103.05M","-2.30%"
"20/03/2025","465.73","467.42","470.82","464.12","54.93M","-0.33%"
"19/03/2025","467.29","461.85","470.99","460.21","55.14M","1.29%"
"18/03/2025","461.33","459.12","462.03","454.63","53.30M","0.49%"
"17/03/2025","459.08","458.34","462.90","454.32","55.16M","0.17%"
"14/03/2025","458.28","451.30","459.56","450.30","48.83M","3.03%"
"13/03/2025","444.79","443.38","453.95","442.21","58.84M","0.24%"
"12/03/2025","443.73","441.38","448.07","438.12","65.24M","1.65%"
"11/03/2025","436.54","425.01","441.70","425.01","79.87M","2.78%"
"10/03/2025","424.74","447.32","447.32","419.58","80.87M","-5.54%"
"07/03/2025","449.64","452.25","456.31","439.88","53.62M","-0.70%"
"06/03/2025","452.80","454.80","462.32","448.33","57.92M","-0.82%"
"05/03/2025","456.53","438.99","457.92","438.99","67.45M","4.52%"
"04/03/2025","436.79","447.78","447.78","428.47","64.79M","-2.64%"
"03/03/2025","448.64","468.02","476.40","446.21","57.18M","-3.34%"
"28/02/2025","464.15","461.55","464.27","456.54","50.94M","0.42%"
"27/02/2025","462.20","464.00","472.85","461.65","48.74M","-0.30%"
"26/02/2025","463.61","470.81","473.72","463.07","48.03M","0.60%"
"25/02/2025","460.84","463.98","463.98","454.04","63.78M","-0.65%"
"24/02/2025","463.86","463.90","468.64","460.94","39.03M","0.50%"
"21/02/2025","461.53","480.90","481.89","460.09","47.06M","-3.96%"
"20/02/2025","480.57","478.75","488.39","477.39","37.57M","0.48%"
"19/02/2025","478.28","479.31","481.88","477.53","41.97M","-1.65%"
"18/02/2025","486.30","480.86","487.41","476.48","44.48M","1.27%"
"14/02/2025","480.20","481.95","485.80","476.56","47.15M","0.13%"
"13/02/2025","479.56","468.89","480.57","467.20","62.48M","2.99%"
"12/02/2025","465.62","470.33","473.37","465.32","50.03M","-1.22%"
"11/02/2025","471.35","476.68","477.30","470.81","69.79M","-0.77%"
"10/02/2025","475.03","464.25","480.46","464.25","109.21M","3.22%"
"07/02/2025","460.19","468.04","474.73","459.47","85.29M","-0.33%"
"06/02/2025","461.71","465.60","469.73","457.83","47.69M","0.47%"
"05/02/2025","459.54","453.44","459.76","451.55","37.94M","1.22%"
"04/02/2025","454.00","448.52","455.04","448.05","48.74M","1.60%"
"03/02/2025","446.84","445.53","451.56","437.96","56.69M","-0.11%"
"31/01/2025","447.34","453.61","455.53","445.27","44.65M","-1.43%"
"30/01/2025","453.81","452.12","454.47","447.96","37.23M","0.75%"
"29/01/2025","450.44","445.90","454.35","445.53","37.69M","1.09%"
"28/01/2025","445.60","443.81","448.51","440.21","51.10M","0.62%"
"27/01/2025","442.85","448.48","448.48","442.21","47.91M","-1.98%"
"24/01/2025","451.81","456.32","459.82","449.96","41.48M","-0.52%"
"23/01/2025","454.17","449.63","457.36","444.67","62.31M","-0.52%"
"22/01/2025","456.55","467.48","468.24","456.18","47.21M","-2.10%"
"21/01/2025","466.34","466.65","473.55","464.72","44.88M","0.20%"
"17/01/2025","465.41","463.82","470.68","463.82","33.13M","0.60%"
"16/01/2025","462.65","462.50","464.62","459.84","34.39M","0.16%"
"15/01/2025","461.90","458.77","464.31","457.11","36.96M","1.47%"
"14/01/2025","455.23","454.78","457.63","450.52","39.92M","0.23%"
"13/01/2025","454.19","441.72","455.18","439.12","75.24M","2.80%"
"10/01/2025","441.80","446.94","446.94","440.01","44.36M","-0.61%"
"08/01/2025","444.49","445.24","445.24","438.93","48.13M","-0.24%"
"07/01/2025","445.58","446.67","450.72","442.70","55.80M","0.20%"
"06/01/2025","444.70","433.98","451.40","433.98","65.88M","3.13%"
"03/01/2025","431.19","432.30","435.62","424.38","77.79M","-0.51%"
"02/01/2025","433.39","440.66","445.00","433.03","33.36M","-1.01%"
"31/12/2024","437.82","434.66","440.85","434.54","41.16M","0.84%"
"30/12/2024","434.18","437.28","437.28","431.27","40.24M","-1.42%"
"27/12/2024","440.45","441.86","446.72","437.84","28.42M","-0.98%"
"26/12/2024","444.79","442.56","445.46","440.59","26.58M","0.02%"
"25/12/2024","444.69","443.00","445.07","439.54","18.90M","0.00%"
"24/12/2024","444.69","443.00","445.07","439.54","18.90M","0.49%"
"23/12/2024","442.51","438.47","443.57","435.34","32.06M","0.77%"
"20/12/2024","439.12","432.66","442.83","430.46","118.99M","1.02%"
"19/12/2024","434.67","441.43","446.63","432.09","54.80M","-1.31%"
"18/12/2024","440.43","457.08","458.99","438.99","46.87M","-3.56%"
"17/12/2024","456.70","459.33","461.72","454.07","45.61M","-1.54%"
"16/12/2024","463.85","469.16","470.08","462.17","44.62M","-1.46%"
"13/12/2024","470.73","481.05","481.05","470.05","53.43M","-2.50%"
"12/12/2024","482.82","494.15","494.15","482.13","55.30M","-3.14%"
"11/12/2024","498.45","502.19","502.49","496.31","43.79M","-0.59%"
"10/12/2024","501.40","512.34","512.34","498.42","48.18M","-2.36%"
"09/12/2024","513.51","513.15","521.53","513.15","47.40M","2.04%"
"06/12/2024","503.22","514.45","514.66","502.45","38.72M","-2.00%"
"05/12/2024","513.51","519.78","519.78","509.29","35.30M","-1.16%"
"04/12/2024","519.55","528.65","529.83","517.20","45.17M","-1.82%"
"03/12/2024","529.20","533.07","538.46","528.49","46.52M","-0.61%"
"02/12/2024","532.43","534.85","536.67","528.16","37.23M","-0.21%"
"29/11/2024","533.55","531.03","536.31","530.44","20.58M","0.64%"
"27/11/2024","530.14","530.11","536.52","526.19","26.83M","0.18%"
"26/11/2024","529.18","532.86","534.36","526.28","38.42M","-0.72%"
"25/11/2024","533.03","526.67","536.72","526.67","43.26M","1.30%"
"22/11/2024","526.18","523.73","529.50","523.68","34.49M","0.16%"
"21/11/2024","525.34","520.98","528.35","517.09","35.17M","0.95%"
"20/11/2024","520.38","518.21","526.75","517.00","42.38M","0.60%"
"19/11/2024","517.27","513.59","517.87","508.51","37.12M","0.54%"
"18/11/2024","514.47","509.38","514.76","507.84","37.57M","1.23%"
"15/11/2024","508.21","512.55","517.06","506.77","55.21M","0.00%"
"14/11/2024","508.23","516.39","519.39","505.77","39.92M","-1.55%"
"13/11/2024","516.23","523.58","525.12","515.65","41.77M","-1.46%"
"12/11/2024","523.86","536.70","536.70","518.29","51.96M","-2.73%"
"11/11/2024","538.59","546.84","546.84","538.30","39.96M","-1.37%"
"08/11/2024","546.08","547.47","548.74","540.65","46.23M","-2.15%"
"07/11/2024","558.06","566.94","568.14","556.69","54.10M","-0.47%"
"06/11/2024","560.67","529.32","565.62","529.32","92.39M","7.85%"
"05/11/2024","519.88","512.10","520.14","512.10","57.32M","1.24%"
"04/11/2024","513.51","511.42","518.49","509.88","37.53M","0.40%"
"01/11/2024","511.48","508.62","513.55","508.17","32.73M","1.23%"
"31/10/2024","505.29","512.89","512.89","503.47","36.21M","-1.56%"
"30/10/2024","513.28","519.06","523.47","511.54","32.22M","-1.83%"
"29/10/2024","522.87","526.00","528.96","520.95","34.38M","-0.68%"
"28/10/2024","526.47","515.91","527.50","515.91","29.72M","2.36%"
"25/10/2024","514.33","520.21","522.58","514.02","25.51M","-0.85%"
"24/10/2024","518.75","521.12","523.73","514.93","29.30M","-0.40%"
"23/10/2024","520.81","529.01","529.01","519.23","31.74M","-1.69%"
"22/10/2024","529.76","545.64","545.64","523.64","40.08M","-1.36%"
"21/10/2024","537.04","541.59","544.15","534.16","33.71M","-0.74%"
"18/10/2024","541.06","539.99","546.08","539.03","31.28M","0.57%"
"17/10/2024","537.97","535.59","541.93","532.81","40.74M","1.11%"
"16/10/2024","532.04","525.95","532.14","525.95","26.50M","1.42%"
"15/10/2024","524.57","531.89","531.89","524.36","30.76M","-1.76%"
"14/10/2024","533.99","526.76","534.56","524.95","32.22M","-0.65%"
"11/10/2024","537.50","531.20","539.31","531.20","26.81M","1.38%"
"10/10/2024","530.20","526.61","532.86","524.08","27.42M","0.31%"
"09/10/2024","528.57","520.65","528.98","516.44","29.73M","1.23%"
"08/10/2024","522.13","535.75","535.75","517.99","40.53M","-3.04%"
"07/10/2024","538.49","533.70","540.35","531.34","25.79M","0.61%"
"04/10/2024","535.23","536.86","541.28","531.89","30.43M","1.13%"
"03/10/2024","529.24","533.92","533.92","525.37","30.75M","-1.33%"
"02/10/2024","536.40","537.95","544.90","533.99","29.69M","-0.24%"
"01/10/2024","537.68","536.10","540.49","530.73","31.11M","0.97%"
"30/09/2024","532.54","538.02","538.02","527.76","38.37M","-1.19%"
"27/09/2024","538.94","542.75","546.35","537.47","43.98M","-0.44%"
"26/09/2024","541.31","526.41","547.98","526.41","68.88M","3.81%"
"25/09/2024","521.42","524.87","526.03","519.51","40.36M","-0.84%"
"24/09/2024","525.86","518.67","528.01","518.67","63.18M","4.49%"
"23/09/2024","503.25","501.43","506.26","499.23","37.10M","0.96%"
"20/09/2024","498.48","503.53","503.53","494.75","83.66M","-1.33%"
"19/09/2024","505.22","494.93","506.56","494.93","45.91M","3.42%"
"18/09/2024","488.53","486.04","499.48","483.38","44.12M","0.86%"
"17/09/2024","484.36","482.14","488.83","478.80","31.53M","0.40%"
"16/09/2024","482.45","482.97","487.97","481.36","38.53M","0.32%"
"13/09/2024","480.92","473.46","485.98","473.46","55.16M","2.31%"
"12/09/2024","470.04","465.86","471.54","464.75","52.37M","1.85%"
"11/09/2024","461.52","455.22","461.98","446.45","57.02M","1.18%"
"10/09/2024","456.12","460.53","460.53","450.53","47.21M","-0.94%"
"09/09/2024","460.44","459.45","466.26","459.45","38.22M","0.92%"
"06/09/2024","456.25","463.02","468.03","454.54","67.16M","-1.63%"
"05/09/2024","463.79","471.29","472.14","462.89","53.79M","-0.90%"
"04/09/2024","468.01","474.08","479.47","466.31","85.29M","-1.16%"
"03/09/2024","473.52","490.63","490.63","471.46","55.74M","-5.73%"
"30/08/2024","502.32","499.09","502.57","495.55","58.85M","0.75%"
"29/08/2024","498.57","497.32","502.93","493.72","28.96M","0.63%"
"28/08/2024","495.45","505.04","505.04","493.10","32.88M","-2.59%"
"27/08/2024","508.62","509.50","510.85","506.41","30.02M","-0.24%"
"26/08/2024","509.82","503.65","514.96","503.65","36.27M","1.53%"
"23/08/2024","502.13","495.14","502.84","494.02","32.67M","2.03%"
"22/08/2024","492.15","495.13","496.17","490.27","25.05M","-1.01%"
"21/08/2024","497.18","492.28","498.21","492.28","28.14M","1.44%"
"20/08/2024","490.11","495.64","497.53","489.33","28.98M","-1.13%"
"19/08/2024","495.69","494.44","501.24","493.93","38.16M","0.39%"
"16/08/2024","493.75","493.46","496.29","491.97","25.66M","-0.30%"
"15/08/2024","495.24","484.75","499.71","484.75","34.21M","2.71%"
"14/08/2024","482.16","485.38","485.90","477.17","31.41M","-0.71%"
"13/08/2024","485.63","480.71","486.38","478.34","24.56M","1.13%"
"12/08/2024","480.18","484.02","488.01","478.89","29.11M","-0.72%"
"09/08/2024","483.67","488.05","488.05","481.18","28.21M","-0.32%"
"08/08/2024","485.24","477.91","488.31","477.91","28.33M","2.10%"
"07/08/2024","475.26","492.16","496.62","474.93","40.04M","-2.52%"
"06/08/2024","487.54","484.23","494.83","481.67","34.85M","0.62%"
"05/08/2024","484.55","478.60","488.95","468.86","58.51M","-1.86%"
"02/08/2024","493.71","509.87","509.87","489.39","43.16M","-3.62%"
"01/08/2024","512.24","532.61","535.06","507.60","49.95M","-3.97%"
"31/07/2024","533.42","529.68","541.49","528.00","36.65M","2.73%"
"30/07/2024","519.26","523.92","524.20","518.63","30.35M","-0.97%"
"29/07/2024","524.34","528.27","528.46","522.30","24.48M","-0.88%"
"26/07/2024","528.97","523.02","531.96","521.14","30.02M","1.30%"
"25/07/2024","522.19","512.49","527.46","512.39","42.05M","1.92%"
"24/07/2024","512.36","527.41","528.96","512.04","44.35M","-2.88%"
"23/07/2024","527.57","530.17","530.17","517.60","54.15M","-0.70%"
"22/07/2024","531.31","530.74","531.84","525.65","33.62M","0.08%"
"19/07/2024","530.86","535.11","535.46","528.90","30.50M","-0.82%"
"18/07/2024","535.25","545.48","546.68","532.56","41.25M","-2.15%"
"17/07/2024","547.02","557.99","558.33","546.70","35.58M","-2.04%"
"16/07/2024","558.39","555.62","558.96","546.66","35.72M","0.11%"
"15/07/2024","557.77","557.29","565.12","556.96","38.09M","0.18%"
"12/07/2024","556.76","559.15","561.37","553.71","26.83M","0.37%"
"11/07/2024","554.69","548.09","556.65","547.43","30.62M","1.60%"
"10/07/2024","545.94","539.46","547.66","539.46","28.08M","1.40%"
"09/07/2024","538.40","542.46","546.90","538.15","22.93M","-0.98%"
"08/07/2024","543.75","547.06","547.35","540.58","21.42M","-0.59%"
"05/07/2024","546.98","547.34","549.95","544.93","26.71M","-0.09%"
"03/07/2024","547.46","537.83","551.27","537.83","25.77M","1.85%"
"02/07/2024","537.49","535.58","538.95","532.67","25.40M","0.36%"
"01/07/2024","535.54","538.87","543.99","533.50","22.19M","-0.58%"
"28/06/2024","538.67","532.20","543.13","532.20","49.13M","1.71%"
"27/06/2024","529.59","535.23","537.38","528.99","28.04M","-1.10%"
"26/06/2024","535.50","531.37","535.96","528.39","34.42M","0.63%"
"25/06/2024","532.16","540.52","540.52","529.76","29.71M","-1.63%"
"24/06/2024","540.97","539.76","546.26","538.12","33.31M","0.22%"
"21/06/2024","539.79","535.73","541.21","529.47","69.42M","0.79%"
"20/06/2024","535.58","526.79","538.68","526.79","37.87M","1.83%"
"18/06/2024","525.98","526.98","532.31","521.13","31.89M","-0.09%"
"17/06/2024","526.46","523.11","528.23","515.41","37.43M","0.47%"
"14/06/2024","524.00","522.39","526.02","516.17","30.51M","-0.11%"
"13/06/2024","524.57","531.42","531.42","519.89","33.59M","-1.30%"
"12/06/2024","531.47","534.52","546.04","529.36","28.52M","-0.40%"
"11/06/2024","533.61","539.68","539.68","526.59","40.07M","-1.50%"
"10/06/2024","541.76","544.34","544.81","539.08","27.32M","-0.22%"
"07/06/2024","542.96","554.95","554.95","540.41","35.51M","-2.53%"
"06/06/2024","557.05","551.26","557.24","549.49","27.55M","0.93%"
"05/06/2024","551.92","548.92","553.08","548.37","29.55M","0.75%"
"04/06/2024","547.80","568.81","568.81","542.73","44.94M","-3.88%"
"03/06/2024","569.91","577.66","577.70","566.09","25.73M","-1.10%"
"31/05/2024","576.25","571.19","577.00","563.17","43.32M","0.91%"
"30/05/2024","571.04","569.41","573.52","563.21","31.47M","0.23%"
"29/05/2024","569.74","572.64","575.81","568.00","28.27M","-1.40%"
"28/05/2024","577.82","576.97","581.44","571.43","34.70M","1.52%"
"24/05/2024","569.18","568.72","573.55","566.67","19.43M","0.23%"
"23/05/2024","567.89","571.56","571.84","563.90","35.67M","-0.04%"
"22/05/2024","568.14","582.00","582.00","564.99","44.06M","-2.84%"
"21/05/2024","584.73","586.00","587.29","579.10","39.38M","-0.24%"
"20/05/2024","586.11","583.10","589.58","577.66","37.13M","0.63%"
"17/05/2024","582.43","575.21","583.83","575.21","36.24M","1.31%"
"16/05/2024","574.89","585.75","587.69","574.87","27.83M","-1.84%"
"15/05/2024","585.68","580.97","586.36","574.95","34.35M","1.01%"
"14/05/2024","579.80","575.20","581.74","575.20","33.16M","0.90%"
"13/05/2024","574.62","571.58","577.77","571.58","28.34M","0.64%"
"10/05/2024","570.97","570.03","574.39","569.75","27.94M","0.27%"
"09/05/2024","569.45","557.76","570.59","557.16","26.95M","2.14%"
"08/05/2024","557.54","565.92","565.92","555.64","29.84M","-1.71%"
"07/05/2024","567.22","563.45","568.06","562.69","29.38M","0.62%"
"06/05/2024","563.70","565.85","572.03","559.12","31.61M","0.00%"
"03/05/2024","563.70","552.35","564.57","552.35","32.43M","2.24%"
"02/05/2024","551.33","552.50","553.46","544.89","44.28M","0.07%"
"01/05/2024","550.92","551.58","563.30","546.71","49.36M","-0.05%"
"30/04/2024","551.19","571.94","571.94","550.73","48.05M","-4.16%"
"29/04/2024","575.10","568.73","575.64","566.46","44.52M","1.82%"
"26/04/2024","564.82","562.01","568.62","560.47","38.48M","0.86%"
"25/04/2024","560.01","553.91","561.59","545.40","43.74M","0.96%"
"24/04/2024","554.66","565.72","566.79","550.40","43.49M","-0.70%"
"23/04/2024","558.58","579.62","579.62","557.23","71.16M","-4.15%"
"22/04/2024","582.78","584.28","587.81","574.25","40.32M","-0.32%"
"19/04/2024","584.66","586.46","592.47","580.59","39.14M","-0.34%"
"18/04/2024","586.64","594.17","596.43","582.54","42.23M","-0.46%"
"17/04/2024","589.33","592.74","602.08","587.71","45.60M","0.20%"
"16/04/2024","588.15","592.94","592.94","577.96","38.33M","-1.05%"
"15/04/2024","594.40","594.31","605.11","591.95","34.42M","0.36%"
"12/04/2024","592.26","605.81","613.91","589.92","40.57M","-2.12%"
"11/04/2024","605.10","607.53","610.18","600.66","28.27M","-0.42%"
"10/04/2024","607.68","603.63","609.93","598.76","36.46M","-0.70%"
"09/04/2024","611.98","606.62","618.70","603.84","39.95M","0.80%"
"08/04/2024","607.12","605.86","611.43","603.55","25.63M","0.29%"
"05/04/2024","605.39","601.18","606.24","598.14","27.00M","0.65%"
"04/04/2024","601.47","609.55","612.66","599.09","43.93M","-0.93%"
"03/04/2024","607.11","597.85","608.88","597.85","43.53M","1.58%"
"02/04/2024","597.67","594.05","599.66","592.55","44.69M","0.46%"
"01/04/2024","594.93","593.55","599.37","591.40","27.86M","0.68%"
"28/03/2024","590.89","586.42","592.38","584.16","38.29M","1.01%"
"27/03/2024","584.97","572.80","585.13","572.80","30.79M","2.25%"
"26/03/2024","572.11","576.42","578.37","572.06","24.91M","-0.62%"
"25/03/2024","575.68","573.25","587.10","573.25","28.37M","0.57%"
"22/03/2024","572.40","579.51","580.09","572.35","28.32M","-1.31%"
"21/03/2024","579.99","576.25","581.13","571.85","36.60M","1.09%"
"20/03/2024","573.73","561.38","577.16","560.30","39.97M","2.21%"
"19/03/2024","561.35","558.35","561.91","554.49","44.44M","0.52%"
"18/03/2024","558.46","556.68","563.61","556.68","35.89M","0.39%"
"15/03/2024","556.27","540.84","558.44","540.10","75.50M","2.69%"
"14/03/2024","541.70","547.78","548.02","536.00","70.30M","-1.23%"
"13/03/2024","548.45","536.16","551.15","536.16","86.50M","2.31%"
"12/03/2024","536.07","537.80","540.48","531.81","25.13M","-0.19%"
"11/03/2024","537.09","536.85","538.98","529.23","26.99M","-0.09%"
"08/03/2024","537.58","538.70","544.82","535.64","26.87M","-0.17%"
"07/03/2024","538.52","531.73","542.38","531.73","36.41M","2.41%"
"06/03/2024","525.84","522.51","531.27","522.51","33.47M","1.02%"
"05/03/2024","520.51","526.26","526.68","517.63","37.60M","-1.64%"
"04/03/2024","529.18","532.68","534.89","526.42","29.55M","-0.65%"
"01/03/2024","532.63","533.48","539.62","530.21","30.54M","-0.06%"
"29/02/2024","532.96","529.69","534.78","529.69","38.72M","0.67%"
"28/02/2024","529.43","532.17","533.08","527.22","29.47M","-1.01%"
"27/02/2024","534.84","532.23","536.00","532.23","22.74M","0.63%"
"26/02/2024","531.49","529.29","533.28","525.75","31.32M","-0.19%"
"23/02/2024","532.52","526.73","533.66","526.29","25.28M","1.17%"
"22/02/2024","526.37","522.78","527.87","521.30","29.74M","0.70%"
"21/02/2024","522.69","519.08","523.54","518.97","25.24M","0.67%"
"20/02/2024","519.23","522.68","522.68","518.23","31.15M","-1.38%"
"16/02/2024","526.48","529.88","536.21","525.86","31.04M","0.10%"
"15/02/2024","525.96","506.40","526.41","506.40","32.51M","3.78%"
"14/02/2024","506.78","501.08","509.08","500.66","29.03M","1.34%"
"13/02/2024","500.09","516.38","516.38","496.38","41.70M","-3.15%"
"12/02/2024","516.38","516.30","521.35","515.98","31.11M","0.02%"
"09/02/2024","516.29","517.20","518.37","514.49","37.64M","-0.43%"
"08/02/2024","518.54","521.74","521.74","515.52","35.56M","-0.94%"
"07/02/2024","523.45","519.63","525.22","517.78","31.58M","0.73%"
"06/02/2024","519.67","513.24","520.95","513.04","36.13M","1.22%"
"05/02/2024","513.42","517.32","517.32","507.73","43.68M","-1.80%"
"02/02/2024","522.85","524.84","525.41","516.26","37.88M","-0.52%"
"01/02/2024","525.60","524.96","530.48","521.31","58.12M","0.30%"
"31/01/2024","524.05","530.23","536.30","523.88","53.51M","-1.16%"
"30/01/2024","530.20","514.14","532.36","512.84","43.63M","2.67%"
"29/01/2024","516.42","510.41","516.91","504.26","31.24M","1.19%"
"26/01/2024","510.34","508.79","516.36","508.31","26.51M","0.30%"
"25/01/2024","508.83","510.44","512.38","505.00","35.49M","0.05%"
"24/01/2024","508.59","497.73","513.83","497.73","58.07M","1.69%"
"23/01/2024","500.16","495.89","506.82","495.89","47.71M","1.10%"
"22/01/2024","494.74","494.09","496.54","488.56","40.94M","0.02%"
"19/01/2024","494.62","491.48","495.53","487.06","32.75M","0.60%"
"18/01/2024","491.67","495.10","497.47","488.71","39.38M","-0.40%"
"17/01/2024","493.65","496.63","496.63","489.00","36.38M","-0.87%"
"16/01/2024","497.96","505.81","505.81","496.78","42.58M","-2.17%"
"12/01/2024","509.02","511.17","516.00","506.56","27.40M","-0.03%"
"11/01/2024","509.18","511.48","512.61","505.13","32.36M","-0.33%"
"10/01/2024","510.89","511.77","512.27","507.63","28.36M","-0.19%"
"09/01/2024","511.87","522.36","522.36","511.25","35.17M","-2.18%"
"08/01/2024","523.26","515.43","523.58","509.69","29.27M","1.57%"
"05/01/2024","515.17","514.82","519.96","511.74","37.46M","-0.11%"
"04/01/2024","515.74","521.44","522.67","514.87","36.00M","-1.10%"
"03/01/2024","521.47","524.42","526.71","514.00","42.79M","-0.83%"
"02/01/2024","525.84","524.73","530.96","522.17","29.34M","-0.42%"
"29/12/2023","528.04","529.69","532.12","526.66","22.51M","-0.89%"
"28/12/2023","532.76","535.66","536.12","531.98","20.82M","-0.82%"
"27/12/2023","537.16","535.16","539.67","534.11","23.86M","0.36%"
"26/12/2023","535.21","533.00","537.15","533.00","22.16M","0.47%"
"22/12/2023","532.70","528.82","535.16","528.82","29.96M","0.78%"
"21/12/2023","528.59","522.51","529.02","522.51","31.10M","1.36%"
"20/12/2023","521.51","529.46","532.74","521.39","51.29M","-1.75%"
"19/12/2023","530.79","522.01","532.94","522.01","76.70M","1.80%"
"18/12/2023","521.43","523.36","533.22","521.20","138.01M","1.78%"
"15/12/2023","512.30","505.54","518.87","505.54","84.33M","0.59%"
"14/12/2023","509.28","487.74","511.33","487.74","72.69M","4.29%"
"13/12/2023","488.34","472.90","489.49","469.75","68.69M","3.29%"
"12/12/2023","472.78","475.97","477.38","469.81","31.38M","-0.86%"
"11/12/2023","476.89","473.83","477.44","467.33","25.45M","0.52%"
"08/12/2023","474.42","468.35","480.97","468.35","35.76M","1.24%"
"07/12/2023","468.60","468.44","471.43","463.78","31.95M","0.36%"
"06/12/2023","466.90","473.13","478.33","466.67","30.40M","-1.40%"
"05/12/2023","473.54","481.89","481.89","472.93","35.69M","-2.18%"
"04/12/2023","484.11","492.68","492.68","484.03","38.32M","-2.11%"
"01/12/2023","494.57","482.90","497.28","482.90","52.59M","2.60%"
"30/11/2023","482.04","473.63","482.34","473.29","40.95M","1.91%"
"29/11/2023","473.01","469.99","473.69","469.02","31.18M","0.71%"
"28/11/2023","469.69","468.15","473.45","466.26","37.95M","0.41%"
"27/11/2023","467.76","463.27","468.35","459.85","26.05M","1.00%"
"24/11/2023","463.11","463.71","464.78","460.38","11.69M","-0.22%"
"22/11/2023","464.14","464.61","465.23","461.40","21.61M","-0.10%"
"21/11/2023","464.61","462.63","469.45","462.51","24.55M","0.36%"
"20/11/2023","462.94","460.35","467.46","460.35","27.90M","0.65%"
"17/11/2023","459.96","456.86","462.96","456.86","24.83M","0.89%"
"16/11/2023","455.88","460.12","461.04","451.68","25.81M","-1.05%"
"15/11/2023","460.71","455.32","464.48","455.32","33.45M","1.23%"
"14/11/2023","455.12","443.02","459.15","443.02","31.38M","3.14%"
"13/11/2023","441.27","442.78","444.03","439.46","20.96M","-0.45%"
"10/11/2023","443.27","439.35","443.74","436.84","24.75M","0.95%"
"09/11/2023","439.08","444.44","447.64","437.99","25.48M","-1.00%"
"08/11/2023","443.51","444.85","448.54","440.55","31.79M","-0.43%"
"07/11/2023","445.43","452.14","452.14","443.62","33.95M","-1.99%"
"06/11/2023","454.48","453.94","457.21","453.25","27.89M","0.44%"
"03/11/2023","452.47","452.00","460.78","452.00","32.30M","0.40%"
"02/11/2023","450.66","443.15","451.26","443.15","32.65M","2.71%"
"01/11/2023","438.78","437.06","438.86","431.98","37.59M","0.62%"
"31/10/2023","436.08","435.92","438.99","431.17","43.05M","0.06%"
"30/10/2023","435.82","431.31","437.70","431.00","42.32M","1.14%"
"27/10/2023","430.91","430.61","434.58","427.36","42.67M","0.30%"
"26/10/2023","429.64","426.16","435.73","426.16","40.09M","0.94%"
"25/10/2023","425.63","429.69","431.60","423.83","36.04M","-1.04%"
"24/10/2023","430.12","420.47","433.05","420.47","50.14M","3.26%"
"23/10/2023","416.56","418.85","421.64","414.17","39.94M","-0.83%"
"20/10/2023","420.05","428.40","429.37","419.91","44.97M","-2.15%"
"19/10/2023","429.26","435.83","440.68","428.10","52.71M","-1.53%"
"18/10/2023","435.91","446.91","446.91","435.29","47.95M","-3.08%"
"17/10/2023","449.74","441.24","452.18","438.12","32.10M","1.27%"
"16/10/2023","444.10","442.39","447.38","442.39","30.70M","0.77%"
"13/10/2023","440.71","443.95","448.55","438.26","28.36M","-0.98%"
"12/10/2023","445.09","459.15","459.15","440.50","37.07M","-3.53%"
"11/10/2023","461.38","462.95","466.58","457.21","24.78M","-0.23%"
"10/10/2023","462.46","459.72","468.53","459.72","29.80M","0.84%"
"09/10/2023","458.63","457.21","461.29","451.74","24.99M","0.10%"
"06/10/2023","458.15","450.45","462.31","448.55","38.77M","1.83%"
"05/10/2023","449.90","450.97","453.77","447.72","33.76M","-0.52%"
"04/10/2023","452.25","454.29","456.32","447.21","36.28M","-0.23%"
"03/10/2023","453.29","454.07","457.66","448.82","38.58M","-0.69%"
"02/10/2023","456.45","461.69","463.18","453.07","34.30M","-1.08%"
"29/09/2023","461.44","461.90","467.87","459.45","36.10M","0.05%"
"28/09/2023","461.22","457.62","463.93","456.77","38.02M","1.32%"
"27/09/2023","455.19","450.52","457.69","450.03","37.51M","1.49%"
"26/09/2023","448.51","456.36","457.17","447.45","37.59M","-1.82%"
"25/09/2023","456.84","451.58","457.36","449.95","36.82M","0.85%"
"22/09/2023","453.00","450.86","457.40","450.86","38.98M","0.71%"
"21/09/2023","449.81","459.16","459.16","449.62","35.02M","-2.64%"
"20/09/2023","462.01","467.43","472.63","461.85","34.27M","-0.59%"
"19/09/2023","464.73","466.90","471.25","461.19","47.21M","-0.16%"
"18/09/2023","465.48","465.93","470.31","463.41","29.94M","-0.40%"
"15/09/2023","467.37","480.62","480.62","466.28","55.28M","-2.86%"
"14/09/2023","481.11","473.53","483.55","473.53","37.45M","2.65%"
"13/09/2023","468.70","472.75","473.93","466.08","25.23M","-0.93%"
"12/09/2023","473.10","471.51","477.64","468.53","27.42M","0.06%"
"11/09/2023","472.82","479.95","483.91","471.12","30.31M","-0.22%"
"08/09/2023","473.86","479.73","479.73","472.84","28.15M","-1.55%"
"07/09/2023","481.31","482.86","482.86","474.61","37.96M","-0.74%"
"06/09/2023","484.88","489.21","489.69","478.60","26.06M","-1.01%"
"05/09/2023","489.82","499.32","499.32","489.48","25.85M","-1.93%"
"01/09/2023","499.46","491.89","503.02","491.89","30.16M","1.85%"
"31/08/2023","490.40","489.81","492.12","487.81","43.26M","0.26%"
"30/08/2023","489.11","491.21","492.26","487.68","24.88M","-0.42%"
"29/08/2023","491.19","475.96","491.42","474.71","33.07M","3.24%"
"28/08/2023","475.78","471.85","479.83","471.85","26.57M","0.94%"
"25/08/2023","471.36","473.07","475.00","465.11","28.93M","0.06%"
"24/08/2023","471.08","477.46","477.46","468.90","36.71M","-1.59%"
"23/08/2023","478.69","479.82","484.13","477.63","57.05M","-0.28%"
"22/08/2023","480.05","480.06","484.90","477.75","35.67M","0.42%"
"21/08/2023","478.02","480.08","482.25","474.54","42.94M","-0.36%"
"18/08/2023","479.75","482.07","482.07","475.87","46.63M","-0.51%"
"17/08/2023","482.22","484.21","493.02","481.49","47.51M","0.16%"
"16/08/2023","481.47","484.27","490.57","481.35","78.02M","-0.81%"
"15/08/2023","485.41","496.54","496.54","483.79","78.01M","-2.60%"
"14/08/2023","498.39","488.79","498.73","480.95","182.86M","2.98%"
"11/08/2023","483.99","483.98","487.43","480.06","33.38M","-0.78%"
"10/08/2023","487.79","496.01","498.90","484.92","44.84M","-1.39%"
"09/08/2023","494.66","497.88","501.93","493.93","28.64M","-0.50%"
"08/08/2023","497.16","494.51","497.80","481.62","34.34M","0.10%"
"07/08/2023","496.65","495.33","500.28","493.61","23.12M","0.28%"
"04/08/2023","495.27","503.27","505.50","494.57","29.83M","-1.73%"
"03/08/2023","503.99","498.58","509.97","495.38","31.41M","0.93%"
"02/08/2023","499.34","508.18","508.78","497.61","37.94M","-2.63%"
"01/08/2023","512.85","509.46","514.41","505.86","28.78M","-0.60%"
"31/07/2023","515.97","504.89","516.56","504.89","34.70M","2.24%"
"28/07/2023","504.65","499.95","505.60","496.93","35.01M","0.90%"
"27/07/2023","500.14","505.11","508.34","498.87","39.26M","-0.95%"
"26/07/2023","504.94","509.74","509.90","500.64","43.73M","-1.18%"
"25/07/2023","510.98","494.36","515.44","494.36","65.00M","3.59%"
"24/07/2023","493.25","482.24","497.62","482.24","44.06M","2.35%"
"21/07/2023","481.93","491.51","493.78","481.32","35.39M","-1.85%"
"20/07/2023","491.03","491.01","496.31","488.64","44.85M","0.32%"
"19/07/2023","489.46","493.43","493.43","484.53","35.20M","-1.07%"
"18/07/2023","494.77","489.31","495.94","487.69","27.10M","0.97%"
"17/07/2023","490.00","489.88","491.24","483.66","25.89M","-0.14%"
"14/07/2023","490.67","499.42","499.42","486.29","35.97M","-1.90%"
"13/07/2023","500.18","494.31","501.41","494.31","34.83M","1.44%"
"12/07/2023","493.07","493.26","499.65","491.68","32.68M","1.43%"
"11/07/2023","486.12","477.81","486.99","477.65","33.27M","1.92%"
"10/07/2023","476.96","471.05","478.17","467.92","26.98M","0.92%"
"07/07/2023","472.63","464.85","478.92","464.85","39.28M","1.81%"
"06/07/2023","464.25","466.51","469.38","455.10","46.39M","-1.72%"
"05/07/2023","472.38","485.43","485.43","469.70","38.10M","-3.27%"
"03/07/2023","488.36","482.14","493.48","482.14","18.71M","1.27%"
"30/06/2023","482.25","479.47","483.26","476.26","31.20M","0.70%"
"29/06/2023","478.88","473.12","479.19","470.57","32.50M","1.19%"
"28/06/2023","473.25","473.47","475.32","466.87","34.57M","-1.11%"
"27/06/2023","478.58","466.68","479.89","466.35","35.56M","2.96%"
"26/06/2023","464.80","458.93","469.01","458.93","27.94M","1.42%"
"23/06/2023","458.30","462.13","462.13","452.41","37.61M","-1.22%"
"22/06/2023","463.96","461.40","464.20","457.20","32.03M","0.33%"
"21/06/2023","462.43","457.72","465.32","453.95","29.48M","0.98%"
"20/06/2023","457.93","463.63","463.63","452.34","32.14M","-1.28%"
"16/06/2023","463.89","465.85","466.74","461.11","49.52M","-0.75%"
"15/06/2023","467.39","464.16","469.28","463.41","31.22M","0.38%"
"14/06/2023","465.63","472.28","478.16","461.02","38.66M","-0.89%"
"13/06/2023","469.83","451.51","470.12","451.51","46.78M","4.59%"
"12/06/2023","449.22","444.49","451.45","437.73","29.17M","0.88%"
"09/06/2023","445.28","447.76","449.41","443.13","34.85M","-0.55%"
"08/06/2023","447.76","448.51","453.40","443.18","30.04M","-0.03%"
"07/06/2023","447.91","442.35","452.30","442.35","39.45M","1.30%"
"06/06/2023","442.18","432.63","442.99","430.43","30.58M","2.10%"
"05/06/2023","433.10","435.09","438.29","424.97","33.56M","-0.46%"
"02/06/2023","435.09","415.27","437.48","415.27","57.08M","5.49%"
"01/06/2023","412.46","406.37","415.94","406.37","46.11M","1.53%"
"31/05/2023","406.23","407.20","407.59","398.98","61.67M","-0.49%"
"30/05/2023","408.22","416.93","416.93","404.93","36.21M","-2.13%"
"26/05/2023","417.11","411.21","420.08","411.21","38.25M","1.80%"
"25/05/2023","409.72","406.21","411.20","404.02","37.53M","0.94%"
"24/05/2023","405.92","418.67","418.67","404.23","43.05M","-3.30%"
"23/05/2023","419.78","424.07","424.07","413.71","34.15M","-1.91%"
"22/05/2023","427.94","427.50","431.02","426.19","22.98M","0.22%"
"19/05/2023","427.00","431.15","434.60","424.60","29.00M","-0.78%"
"18/05/2023","430.34","426.56","431.25","420.79","30.48M","0.37%"
"17/05/2023","428.74","424.55","431.42","423.95","39.01M","1.96%"
"16/05/2023","420.51","427.95","429.60","419.91","32.73M","-2.25%"
"15/05/2023","430.21","424.01","431.38","422.45","29.17M","1.94%"
"12/05/2023","422.01","419.69","423.48","418.44","30.93M","0.90%"
"11/05/2023","418.24","417.20","420.90","411.75","38.78M","-2.00%"
"10/05/2023","426.79","435.55","438.97","419.77","36.34M","-1.26%"
"09/05/2023","432.24","429.48","435.99","428.05","27.64M","-0.16%"
"08/05/2023","432.93","435.70","443.38","431.66","28.61M","-0.07%"
"05/05/2023","433.25","424.56","435.73","424.56","39.64M","2.85%"
"04/05/2023","421.25","436.70","437.32","418.68","48.35M","-3.76%"
"03/05/2023","437.71","441.86","447.40","437.25","41.68M","-0.84%"
"02/05/2023","441.42","447.07","447.07","432.67","43.03M","-1.60%"
"01/05/2023","448.60","450.67","455.38","446.83","33.29M","-0.41%"
"28/04/2023","450.45","447.77","450.57","443.71","39.47M","0.08%"
"27/04/2023","450.07","441.28","450.44","437.58","36.66M","2.10%"
"26/04/2023","440.82","448.51","450.47","438.71","35.98M","-1.64%"
"25/04/2023","448.17","465.43","465.43","447.12","57.28M","-4.56%"
"24/04/2023","469.57","468.20","469.79","464.30","38.46M","0.22%"
"21/04/2023","468.52","480.27","480.27","461.21","56.81M","-2.67%"
"20/04/2023","481.39","475.31","487.93","471.94","47.14M","1.20%"
"19/04/2023","475.69","485.22","485.22","474.96","37.13M","-2.13%"
"18/04/2023","486.05","477.05","486.46","477.05","34.25M","1.90%"
"17/04/2023","476.97","478.76","479.12","472.12","32.41M","-0.35%"
"14/04/2023","478.63","479.76","483.12","473.28","34.16M","-0.34%"
"13/04/2023","480.24","476.94","482.36","474.39","41.07M","1.60%"
"12/04/2023","472.68","477.70","480.20","471.34","32.73M","-0.74%"
"11/04/2023","476.19","471.62","480.08","471.62","33.89M","1.89%"
"10/04/2023","467.36","462.71","472.67","462.14","29.04M","1.00%"
"06/04/2023","462.74","459.75","464.88","453.43","31.32M","0.38%"
"05/04/2023","460.98","458.44","464.19","454.47","36.90M","-0.42%"
"04/04/2023","462.92","485.02","485.02","456.96","49.17M","-4.74%"
"03/04/2023","485.97","486.14","489.37","479.24","30.22M","0.21%"
"31/03/2023","484.95","478.31","486.34","478.11","32.79M","1.76%"
"30/03/2023","476.56","477.78","483.00","475.21","33.72M","1.16%"
"29/03/2023","471.09","471.21","473.39","467.36","35.38M","1.46%"
"28/03/2023","464.29","463.22","468.64","462.66","25.12M","0.23%"
"27/03/2023","463.24","463.94","467.22","457.36","35.91M","0.61%"
"24/03/2023","460.44","452.93","462.81","445.29","40.03M","0.45%"
"23/03/2023","458.37","461.67","473.75","453.52","40.19M","0.22%"
"22/03/2023","457.38","466.57","473.45","456.92","38.04M","-2.29%"
"21/03/2023","468.10","457.73","471.46","457.73","39.98M","2.60%"
"20/03/2023","456.22","446.17","460.12","446.17","46.17M","3.05%"
"17/03/2023","442.72","447.68","449.10","438.30","88.01M","-0.97%"
"16/03/2023","447.05","437.82","448.11","430.18","58.51M","1.56%"
"15/03/2023","440.18","472.47","472.47","432.78","78.73M","-7.74%"
"14/03/2023","477.11","481.87","487.79","471.00","43.17M","0.65%"
"13/03/2023","474.01","472.75","482.09","462.80","51.32M","-1.45%"
"10/03/2023","480.98","504.42","504.42","477.98","51.89M","-4.52%"
"09/03/2023","503.74","520.14","524.74","501.41","34.40M","-3.30%"
"08/03/2023","520.94","516.38","524.05","513.40","29.28M","1.15%"
"07/03/2023","515.00","533.71","533.71","514.15","42.44M","-3.56%"
"06/03/2023","534.03","546.00","546.00","531.29","35.93M","-2.51%"
"03/03/2023","547.77","537.64","548.92","536.84","40.91M","2.02%"
"02/03/2023","536.95","527.07","537.52","519.46","37.50M","1.74%"
"01/03/2023","527.79","521.21","532.74","521.21","44.37M","2.99%"
"28/02/2023","512.46","501.33","516.62","499.51","47.55M","2.32%"
"27/02/2023","500.84","498.43","505.83","497.85","33.13M","1.32%"
"24/02/2023","494.33","491.06","494.33","483.74","35.41M","-1.02%"
"23/02/2023","499.43","507.36","509.45","491.18","36.13M","-1.52%"
"22/02/2023","507.13","508.81","514.11","505.13","35.74M","-0.65%"
"21/02/2023","510.45","512.82","522.40","508.17","39.53M","-0.36%"
"17/02/2023","512.30","521.14","521.14","509.04","37.86M","-1.72%"
"16/02/2023","521.27","515.70","529.82","514.65","36.68M","0.80%"
"15/02/2023","517.15","515.35","517.36","505.64","35.55M","-0.78%"
"14/02/2023","521.20","509.06","522.95","505.37","46.58M","2.01%"
"13/02/2023","510.94","507.56","513.74","499.70","29.90M","0.64%"
"10/02/2023","507.70","507.40","509.57","501.34","29.30M","-0.37%"
"09/02/2023","509.57","516.41","524.26","507.15","29.55M","-1.21%"
"08/02/2023","515.81","519.23","521.41","514.66","29.87M","-0.88%"
"07/02/2023","520.39","521.23","524.41","510.38","47.65M","-0.12%"
"06/02/2023","521.00","532.19","532.19","516.96","37.10M","-2.00%"
"03/02/2023","531.62","533.06","548.72","529.87","45.00M","-0.17%"
"02/02/2023","532.55","536.16","536.76","523.19","40.94M","-0.64%"
"01/02/2023","535.99","523.82","539.78","515.19","39.13M","2.25%"
"31/01/2023","524.22","513.87","524.31","510.59","37.48M","1.54%"
"30/01/2023","516.26","522.62","525.40","515.91","27.85M","-1.40%"
"27/01/2023","523.57","528.35","532.95","522.37","35.35M","-1.14%"
"26/01/2023","529.63","518.76","529.88","511.89","44.68M","2.64%"
"25/01/2023","515.99","499.73","516.33","497.17","43.27M","2.93%"
"24/01/2023","501.28","498.82","505.55","492.60","33.62M","-0.33%"
"23/01/2023","502.96","505.04","507.06","497.08","35.98M","-0.40%"
"20/01/2023","504.97","494.35","504.97","489.39","37.28M","2.17%"
"19/01/2023","494.24","497.06","499.23","488.30","44.28M","-0.72%"
"18/01/2023","497.80","506.89","520.90","497.47","51.65M","-1.36%"
"17/01/2023","504.66","512.01","516.84","502.82","41.01M","-1.41%"
"13/01/2023","511.87","507.85","513.26","504.91","38.79M","0.57%"
"12/01/2023","508.95","507.32","510.80","499.09","56.36M","0.93%"
"11/01/2023","504.24","498.52","504.31","495.63","46.82M","1.61%"
"10/01/2023","496.26","475.65","497.01","475.42","43.07M","5.02%"
"09/01/2023","472.56","477.00","484.52","472.53","44.47M","0.00%"
"06/01/2023","472.54","458.41","477.09","458.41","47.94M","4.80%"
"05/01/2023","450.91","445.93","455.29","439.49","38.75M","1.13%"
"04/01/2023","445.87","432.56","448.03","432.50","40.00M","3.05%"
"03/01/2023","432.69","435.23","443.37","429.79","35.65M","-0.46%"
"30/12/2022","434.67","438.79","438.79","430.55","24.86M","-1.10%"
"29/12/2022","439.49","436.58","441.65","436.58","29.29M","0.76%"
"28/12/2022","436.17","448.07","448.11","434.65","29.83M","-2.64%"
"27/12/2022","448.00","443.36","452.35","443.36","27.93M","1.22%"
"23/12/2022","442.58","442.44","444.89","438.70","29.15M","0.31%"
"22/12/2022","441.20","445.91","445.91","429.96","55.55M","-0.83%"
"21/12/2022","444.91","438.44","447.26","437.62","69.56M","2.26%"
"20/12/2022","435.09","430.31","440.74","430.31","36.97M","1.58%"
"19/12/2022","428.33","436.72","440.12","425.40","34.12M","-1.75%"
"16/12/2022","435.97","434.60","440.16","428.05","101.50M","0.30%"
"15/12/2022","434.67","457.77","457.77","431.64","45.87M","-5.17%"
"14/12/2022","458.35","460.55","462.47","452.23","37.13M","-0.66%"
"13/12/2022","461.41","469.25","476.87","458.46","44.81M","0.80%"
"12/12/2022","457.75","453.31","458.14","445.84","31.93M","0.91%"
"09/12/2022","453.63","467.50","470.40","453.33","33.41M","-2.91%"
"08/12/2022","467.21","468.63","472.10","465.06","35.85M","1.82%"
"07/12/2022","458.84","460.77","468.77","458.33","39.16M","-0.93%"
"06/12/2022","463.15","460.88","468.18","458.82","44.15M","0.63%"
"05/12/2022","460.24","473.89","476.75","458.86","42.33M","-3.00%"
"02/12/2022","474.48","461.05","474.80","455.81","45.91M","2.43%"
"01/12/2022","463.23","464.01","467.62","458.33","40.15M","-0.15%"
"30/11/2022","463.91","453.48","463.91","446.41","57.93M","3.47%"
"29/11/2022","448.34","445.95","453.66","445.95","29.39M","1.47%"
"28/11/2022","441.83","448.87","450.08","440.15","41.18M","-1.94%"
"25/11/2022","450.55","454.84","457.31","449.35","17.28M","-1.09%"
"23/11/2022","455.50","453.91","457.52","451.44","29.69M","-0.58%"
"22/11/2022","458.18","444.46","458.96","444.46","48.65M","3.62%"
"21/11/2022","442.18","431.89","443.61","427.56","44.30M","1.75%"
"18/11/2022","434.57","436.03","438.77","427.21","31.57M","-0.25%"
"17/11/2022","435.65","431.95","435.99","423.04","39.83M","-0.96%"
"16/11/2022","439.86","443.21","443.21","435.84","41.07M","-1.38%"
"15/11/2022","446.03","443.23","451.13","442.54","46.77M","0.68%"
"14/11/2022","443.01","434.42","450.05","433.65","48.70M","1.56%"
"11/11/2022","436.21","436.61","452.13","434.18","78.42M","1.75%"
"10/11/2022","428.70","416.04","429.42","416.04","55.06M","6.45%"
"09/11/2022","402.73","417.86","419.67","400.64","38.79M","-3.86%"
"08/11/2022","418.89","413.91","425.63","410.71","50.33M","1.87%"
"07/11/2022","411.21","413.02","416.29","407.67","42.05M","-0.31%"
"04/11/2022","412.50","393.59","419.92","393.59","76.68M","7.23%"
"03/11/2022","384.69","378.69","388.10","377.39","44.69M","0.36%"
"02/11/2022","383.31","400.58","404.56","383.12","67.13M","-5.19%"
"01/11/2022","404.28","397.70","410.08","397.70","50.71M","2.90%"
"31/10/2022","392.88","394.30","400.44","391.72","50.94M","-1.20%"
"28/10/2022","397.67","401.18","404.54","392.11","58.47M","-1.82%"
"27/10/2022","405.06","409.54","410.69","401.74","55.43M","-1.37%"
"26/10/2022","410.67","402.53","417.66","402.29","56.59M","2.54%"
"25/10/2022","400.51","391.26","401.81","386.93","78.32M","1.21%"
"24/10/2022","395.73","395.28","399.44","390.46","60.57M","-1.26%"
"21/10/2022","400.77","371.67","401.64","371.67","80.13M","8.04%"
"20/10/2022","370.94","360.65","382.86","355.47","97.69M","2.71%"
"19/10/2022","361.14","366.94","369.53","359.63","41.33M","-1.65%"
"18/10/2022","367.21","369.28","373.78","361.08","45.35M","0.73%"
"17/10/2022","364.55","362.40","370.45","362.40","43.27M","3.18%"
"14/10/2022","353.33","371.76","372.23","352.25","44.30M","-4.75%"
"13/10/2022","370.94","357.94","374.34","347.01","54.94M","2.76%"
"12/10/2022","360.97","361.61","363.73","353.15","57.41M","-0.27%"
"11/10/2022","361.94","360.21","369.15","354.95","44.95M","0.09%"
"10/10/2022","361.61","357.64","365.84","357.64","41.93M","2.09%"
"07/10/2022","354.21","362.08","362.08","351.99","43.98M","-2.36%"
"06/10/2022","362.76","365.95","368.96","361.37","50.94M","-1.54%"
"05/10/2022","368.45","370.14","371.11","360.30","49.48M","-0.82%"
"04/10/2022","371.49","358.02","371.91","358.02","60.65M","4.75%"
"03/10/2022","354.65","332.97","356.39","332.97","68.69M","7.04%"
"30/09/2022","331.33","334.76","341.33","330.69","49.33M","-1.18%"
"29/09/2022","335.27","336.17","338.55","327.11","54.05M","-0.65%"
"28/09/2022","337.48","328.43","339.05","326.23","54.18M","2.55%"
"27/09/2022","329.08","324.65","332.90","324.21","57.06M","1.79%"
"26/09/2022","323.28","327.49","332.27","321.71","56.09M","-1.39%"
"23/09/2022","327.84","335.51","335.51","321.71","74.40M","-4.36%"
"22/09/2022","342.77","347.26","353.45","341.75","56.10M","-0.88%"
"21/09/2022","345.80","360.73","363.67","345.67","60.88M","-3.73%"
"20/09/2022","359.21","367.18","367.18","355.99","48.55M","-2.77%"
"19/09/2022","369.46","357.52","370.80","351.94","56.00M","2.86%"
"16/09/2022","359.20","362.76","362.76","353.88","96.64M","-1.11%"
"15/09/2022","363.23","368.13","373.01","361.14","62.53M","-1.11%"
"14/09/2022","367.32","388.59","388.59","362.38","90.26M","-7.34%"
"13/09/2022","396.42","407.62","407.62","394.95","54.72M","-3.79%"
"12/09/2022","412.04","418.49","423.41","410.64","47.96M","-1.39%"
"09/09/2022","417.85","404.20","418.76","404.20","57.67M","4.41%"
"08/09/2022","400.21","382.53","400.56","382.53","57.96M","4.32%"
"07/09/2022","383.64","378.57","385.08","370.69","48.71M","1.03%"
"06/09/2022","379.72","377.10","384.19","374.00","51.40M","0.86%"
"02/09/2022","376.50","378.27","386.50","374.74","45.71M","0.74%"
"01/09/2022","373.75","378.19","378.19","365.52","59.07M","-3.68%"
"31/08/2022","388.03","392.51","393.69","383.80","55.38M","-1.27%"
"30/08/2022","393.03","413.15","413.15","389.67","54.81M","-4.88%"
"29/08/2022","413.21","416.53","419.80","407.90","38.70M","-1.01%"
"26/08/2022","417.44","429.89","433.26","416.85","48.88M","-2.27%"
"25/08/2022","427.15","407.29","427.32","407.29","49.68M","5.28%"
"24/08/2022","405.71","401.17","407.05","396.90","40.58M","0.16%"
"23/08/2022","405.07","392.23","408.87","392.23","46.61M","3.47%"
"22/08/2022","391.49","397.04","397.04","388.25","39.45M","-1.97%"
"19/08/2022","399.37","410.93","410.93","396.87","38.85M","-2.89%"
"18/08/2022","411.25","403.78","412.85","403.78","34.33M","1.97%"
"17/08/2022","403.29","409.93","409.93","402.04","45.37M","-2.81%"
"16/08/2022","414.96","408.22","417.22","408.22","35.27M","1.77%"
"15/08/2022","407.74","414.66","414.66","398.75","41.40M","-2.03%"
"12/08/2022","416.17","413.46","417.53","409.00","33.87M","0.59%"
"11/08/2022","413.74","417.35","427.31","413.20","44.36M","0.30%"
"10/08/2022","412.49","400.52","414.11","400.52","45.90M","3.23%"
"09/08/2022","399.59","397.17","400.01","394.72","42.47M","0.83%"
"08/08/2022","396.29","395.93","407.34","394.66","47.48M","0.42%"
"05/08/2022","394.63","381.93","400.00","379.92","47.78M","2.96%"
"04/08/2022","383.29","378.77","388.77","375.77","48.42M","1.36%"
"03/08/2022","378.16","384.30","384.30","376.47","44.44M","-1.19%"
"02/08/2022","382.71","389.21","389.97","374.96","49.61M","-1.99%"
"01/08/2022","390.48","397.72","397.72","387.16","52.00M","-2.16%"
"29/07/2022","399.10","383.76","399.84","382.21","70.71M","4.76%"
"28/07/2022","380.95","375.14","383.35","372.33","56.17M","1.89%"
"27/07/2022","373.89","361.94","375.37","357.36","58.16M","3.42%"
"26/07/2022","361.52","361.88","366.02","358.07","47.19M","-0.19%"
"25/07/2022","362.21","354.28","363.82","354.28","58.06M","2.66%"
"22/07/2022","352.82","370.75","377.15","351.59","82.26M","-4.55%"
"21/07/2022","369.64","362.53","370.03","354.17","82.47M","3.73%"
"20/07/2022","356.35","354.32","358.63","350.35","60.52M","0.57%"
"19/07/2022","354.33","343.19","355.07","341.77","60.75M","2.96%"
"18/07/2022","344.15","333.64","350.36","333.64","62.42M","3.53%"
"15/07/2022","332.41","325.30","332.61","322.06","62.23M","2.47%"
"14/07/2022","324.41","328.49","328.49","319.41","78.63M","-3.37%"
"13/07/2022","335.73","330.39","338.33","325.07","63.89M","1.27%"
"12/07/2022","331.53","332.25","340.27","329.27","62.87M","-0.55%"
"11/07/2022","333.37","335.30","340.42","332.16","56.42M","-2.19%"
"08/07/2022","340.84","350.67","350.84","338.64","54.22M","-2.29%"
"07/07/2022","348.84","336.14","352.65","336.14","70.47M","5.08%"
"06/07/2022","331.98","328.24","334.47","320.69","89.42M","0.56%"
"05/07/2022","330.12","339.66","339.66","320.92","86.92M","-3.93%"
"01/07/2022","343.61","340.89","346.06","331.57","74.31M","0.39%"
"30/06/2022","342.28","349.02","349.02","336.77","72.02M","-2.48%"
"29/06/2022","351.00","357.95","359.78","345.53","51.51M","-1.68%"
"28/06/2022","356.99","365.85","372.15","355.72","60.16M","-1.46%"
"27/06/2022","362.28","365.04","368.08","359.47","57.43M","-0.22%"
"24/06/2022","363.08","347.47","363.11","345.77","83.30M","4.96%"
"23/06/2022","345.91","354.22","356.55","337.93","87.53M","-3.38%"
"22/06/2022","358.01","365.50","365.50","355.68","78.24M","-5.29%"
"21/06/2022","378.02","381.81","389.18","377.72","55.83M","-0.31%"
"17/06/2022","379.21","381.20","386.39","372.84","107.20M","-0.30%"
"16/06/2022","380.34","387.75","391.49","376.41","73.29M","-4.70%"
"15/06/2022","399.10","398.91","406.67","389.29","72.38M","1.50%"
"14/06/2022","393.19","395.07","400.83","389.92","66.32M","-0.46%"
"13/06/2022","394.99","410.42","410.42","388.19","83.33M","-6.69%"
"10/06/2022","423.30","424.24","428.37","417.22","69.15M","-2.09%"
"09/06/2022","432.32","455.79","455.79","432.23","68.50M","-5.15%"
"08/06/2022","455.79","471.06","471.06","453.17","51.64M","-3.62%"
"07/06/2022","472.90","460.79","473.06","456.16","40.45M","2.37%"
"06/06/2022","461.95","453.16","463.73","453.09","47.43M","2.09%"
"03/06/2022","452.50","455.35","458.26","449.25","42.42M","-1.70%"
"02/06/2022","460.34","461.86","466.11","456.96","51.16M","2.61%"
"01/06/2022","448.64","448.06","454.31","438.50","53.04M","0.23%"
"31/05/2022","447.63","461.60","468.18","445.87","120.64M","-3.21%"
"27/05/2022","462.48","449.29","462.60","449.29","52.01M","3.32%"
"26/05/2022","447.64","434.11","450.25","434.11","43.83M","3.20%"
"25/05/2022","433.77","423.02","435.96","418.34","47.92M","1.95%"
"24/05/2022","425.46","429.92","430.62","415.86","55.38M","-1.78%"
"23/05/2022","433.17","415.39","436.67","415.39","60.98M","4.74%"
"20/05/2022","413.56","418.98","426.87","403.00","70.24M","-0.79%"
"19/05/2022","416.84","407.97","425.18","407.97","59.20M","1.94%"
"18/05/2022","408.90","428.34","430.96","407.10","57.29M","-5.19%"
"17/05/2022","431.29","411.80","433.01","411.80","60.24M","5.36%"
"16/05/2022","409.34","413.00","417.49","405.22","59.11M","-0.35%"
"13/05/2022","410.76","407.62","421.19","407.62","59.03M","1.18%"
"12/05/2022","405.96","412.81","416.21","397.21","74.37M","-2.39%"
"11/05/2022","415.90","423.41","435.01","415.32","65.17M","-1.46%"
"10/05/2022","422.05","421.39","430.14","412.31","76.32M","0.31%"
"09/05/2022","420.74","434.42","436.74","419.22","85.44M","-5.57%"
"06/05/2022","445.55","455.83","456.36","439.23","64.75M","-3.26%"
"05/05/2022","460.57","492.05","492.47","454.50","66.69M","-6.57%"
"04/05/2022","492.97","479.50","493.70","469.13","54.59M","2.85%"
"03/05/2022","479.31","475.06","485.24","472.39","55.64M","0.79%"
"02/05/2022","475.56","482.62","482.62","461.90","69.34M","-1.57%"
"29/04/2022","483.14","507.08","513.31","482.01","78.93M","-3.57%"
"28/04/2022","501.04","498.25","505.34","484.18","56.24M","1.16%"
"27/04/2022","495.30","494.25","505.72","490.77","69.09M","2.40%"
"26/04/2022","483.69","496.17","497.35","481.32","75.29M","-2.49%"
"25/04/2022","496.04","494.84","499.91","472.55","113.57M","-1.21%"
"22/04/2022","502.14","536.77","536.77","497.78","121.40M","-5.94%"
"21/04/2022","533.85","561.41","563.62","528.79","111.00M","-4.89%"
"20/04/2022","561.27","566.03","568.73","553.37","53.50M","-1.11%"
"19/04/2022","567.58","563.84","568.40","554.41","42.20M","0.44%"
"18/04/2022","565.09","553.05","571.32","553.05","45.20M","2.26%"
"14/04/2022","552.61","552.41","562.22","551.46","50.40M","0.18%"
"13/04/2022","551.64","535.62","552.00","533.83","43.64M","3.34%"
"12/04/2022","533.83","532.38","547.78","531.48","46.79M","1.31%"
"11/04/2022","526.94","531.10","537.11","522.71","39.11M","-0.83%"
"08/04/2022","531.33","532.06","537.20","526.37","38.70M","-0.01%"
"07/04/2022","531.37","525.05","535.31","517.84","51.06M","1.18%"
"06/04/2022","525.15","535.05","535.05","517.02","56.37M","-1.72%"
"05/04/2022","534.35","547.00","554.44","532.05","59.82M","-2.10%"